Epoch,Loss,Validation Loss,Accuracy,Validation Accuracy
1,0.5128387212753296,0.19472533464431763,0.8744500279426575,0.9473999738693237
2,0.15011167526245117,0.1093858852982521,0.9599000215530396,0.9700000286102295
3,0.09572409838438034,0.08181734383106232,0.974133312702179,0.9763000011444092
4,0.06979607045650482,0.06773222237825394,0.9812833070755005,0.9793999791145325
5,0.054977525025606155,0.06011567264795303,0.9856500029563904,0.9811999797821045
6,0.045016150921583176,0.05767596885561943,0.9879500269889832,0.9815999865531921
7,0.037699148058891296,0.05035630241036415,0.9902999997138977,0.9829999804496765
