Epoch,Loss,Validation Loss,Accuracy,Validation Accuracy
1,0.2588268220424652,0.10605250298976898,0.9295666813850403,0.9692999720573425
2,0.07648152858018875,0.05982716754078865,0.9784500002861023,0.980400025844574
3,0.04893886297941208,0.05008382350206375,0.986466646194458,0.9835000038146973
4,0.03488905355334282,0.048494815826416016,0.9904166460037231,0.9839000105857849
5,0.025671323761343956,0.041871167719364166,0.9936666488647461,0.986299991607666
